<?xml version="1.0" encoding="UTF-8"?>
<!DOCTYPE mapper PUBLIC "-//mybatis.org//DTD Mapper 3.0//EN" "http://mybatis.org/dtd/mybatis-3-mapper.dtd" >
<mapper namespace="com.example.shujuku.mapper.EventsMapper">

    <sql id="Base_Column_List">
        e.event_id,
        e.student_id,
        e.event_begins,
        e.event_ends,
        e.event_area,
        e.location,
        e.event_location,
        e.event_note,
        e.event_status,
        e.major_id,
        e.dept_id,
        e.school_id,
        e.created_datetime,
        e.dept_updated_datetime,
        e.school_updated_datetime
    </sql>

    <sql id="Base_Column_List2">
        e.event_id,
        e.student_id,
        e.event_begins,
        e.event_ends,
        e.event_area,
        e.location,
        e.event_location,
        e.event_note,
        e.event_status,
        e.major_id,
        e.dept_id,
        e.school_id,
        e.created_datetime,
        e.dept_updated_datetime,
        e.school_updated_datetime,
        s.student_name,
        s.gender,
        m.major_name,
        m.dept_name,
        m.school_name,
        m.teacher_id,
        m.teacher_name
    </sql>

    <resultMap id="eventsList" type="com.example.shujuku.events.bean.Events">
        <id column="event_id" property="eventId"/>
        <result column="student_id" property="studentId"/>
        <result column="event_begins" property="eventBegins"/>
        <result column="event_ends" property="eventEnds"/>
        <result column="event_area" property="eventArea"/>
        <result column="location" property="location"/>
        <result column="event_location" property="eventLocation"/>
        <result column="event_note" property="eventNote"/>
        <result column="event_status" property="eventStatus"/>
        <result column="major_id" property="majorId"/>
        <result column="dept_id" property="deptId"/>
        <result column="school_id" property="schoolId"/>
        <result column="created_datetime" property="createdDatetime"/>
        <result column="dept_updated_datetime" property="deptUpdatedDatetime"/>
        <result column="school_updated_datetime" property="schoolUpdatedDatetime"/>
    </resultMap>

    <resultMap id="eventsAllInfoList" type="com.example.shujuku.resp.EventsAllInfoPageResp">
        <id column="event_id" property="eventId"/>
        <result column="student_id" property="studentId"/>
        <result column="event_begins" property="eventBegins"/>
        <result column="event_ends" property="eventEnds"/>
        <result column="event_area" property="eventArea"/>
        <result column="location" property="location"/>
        <result column="event_location" property="eventLocation"/>
        <result column="event_note" property="eventNote"/>
        <result column="event_status" property="eventStatus"/>
        <result column="major_id" property="majorId"/>
        <result column="dept_id" property="deptId"/>
        <result column="school_id" property="schoolId"/>
        <result column="created_datetime" property="createdDatetime"/>
        <result column="dept_updated_datetime" property="deptUpdatedDatetime"/>
        <result column="school_updated_datetime" property="schoolUpdatedDatetime"/>
        <result column="student_name" property="studentName"/>
        <result column="gender" property="gender"/>
        <result column="major_name" property="majorName"/>
        <result column="dept_name" property="deptName"/>
        <result column="school_name" property="schoolName"/>
        <result column="teacher_id" property="teacherId"/>
        <result column="teacher_name" property="teacherName"/>
<!--        <collection property="student" ofType="com.example.shujuku.student.bean.Student">-->
<!--            <id column="student_id" property="studentId"/>-->
<!--            <result column="student_name" property="studentName"/>-->
<!--            <result column="gender" property="gender"/>-->
<!--        </collection>-->
<!--        <collection property="major" ofType="com.example.shujuku.major.bean.Major">-->
<!--            <id column="majorId" property="major_id"/>-->
<!--            <result column="major_name" property="majorName"/>-->
<!--            <result column="dept_name" property="deptName"/>-->
<!--            <result column="school_name" property="schoolName"/>-->
<!--            <result column="teacher_id" property="teacherId"/>-->
<!--            <result column="teacher_name" property="teacherName"/>-->
<!--        </collection>-->
    </resultMap>

    <select id="getEventsList" resultMap="eventsList">
        SELECT SQL_CALC_FOUND_ROWS
        <include refid="Base_Column_List"/>
        FROM events e
        WHERE e.event_status != "0"
        <if test="eventId != null">
            and e.event_id = #{eventId}
        </if>
        <if test="studentId != null">
            and e.student_id = #{studentId}
        </if>
        <if test="eventArea != null">
            and e.event_area = #{eventArea}
        </if>
        <if test="eventStatus != null">
            and e.event_status = #{eventStatus}
        </if>
        <if test="majorId != null">
            and e.major_id = #{majorId}
        </if>
        <if test="deptId != null">
            and e.dept_id = #{deptId}
        </if>
        <if test="schoolId != null">
            and e.school_id = #{schoolId}
        </if>
        LIMIT #{pageNo},#{pageSize};
        -- SELECT FOUND_ROWS() as total1;
    </select>

    <select id="getEventsAllInfoList" resultMap="eventsAllInfoList">
        SELECT SQL_CALC_FOUND_ROWS
        <include refid="Base_Column_List2" />
        FROM events e
        LEFT JOIN student s
        ON e.student_id = s.student_id
        LEFT JOIN major m
        ON e.major_id = m.major_id
        WHERE
        e.event_status != "0"
        <if test="eventId != null">
            and e.event_id = #{eventId}
        </if>
        <if test="studentId != null">
            and e.student_id = #{studentId}
        </if>
        <if test="eventArea != null">
            and e.event_area = #{eventArea}
        </if>
        <if test="eventStatus != null">
            and e.event_status = #{eventStatus}
        </if>
        <if test="majorId != null">
            and e.major_id = #{majorId}
        </if>
        <if test="deptId != null">
            and e.dept_id = #{deptId}
        </if>
        <if test="schoolId != null">
            and e.school_id = #{schoolId}
        </if>
        ORDER BY
        e.created_datetime DESC
        LIMIT #{pageNo},#{pageSize};
--         SELECT FOUND_ROWS() as total1;
    </select>

</mapper>